DATE,SOURCES,SOURCEURLS,ARTICLE_TITLE,INF,SENTIMENT
20170918,npr.org,http://www.npr.org/sections/thetwo-way/2017/09/18/551747531/hurricane-maria-heads-toward-puerto-rico-expected-to-become-major-storm&position=2&content_id=2hbl4pJ,hurricane maria heads toward puerto rico as a major storm,1,Neutral
20170918,smn-news.com,http://www.smn-news.com/st-maarten-st-martin-news/27063-hurricane-maria-forecast-to-pose-a-potentially-serious-threat-to-lesser-antilles-puerto-rico-and-virgin-islands-updated-4.html,"hurricane maria is a dangerous category 5 closing in on a potentially catastrophic strike on puerto rico, virgin islands.",1,Negative
20170918,usatoday.com,https://www.usatoday.com/story/news/2017/09/18/puerto-rico-governor-braces-hurricane-maria-which-could-devastate-most-island/679177001/,"puerto rico governor braces for hurricane maria, which could 'devastate most of the island'",1,Negative
20170918,abc7ny.com,http://abc7ny.com/weather/hurricane-maria-poised-for-direct-hit-on-puerto-rico/2427746/,"hurricane maria ravages puerto rico, knocks out all power",1,Neutral
20170918,usgs.gov,https://www.usgs.gov/news/usgs-field-crews-puerto-rico-are-preparing-hurricane-maria,usgs field crews in puerto rico are preparing for hurricane maria,1,Neutral
20170918,express.co.uk,http://www.express.co.uk/news/weather/855521/Hurricane-Maria-track-path-model-latest-Dominica-Puerto-Rico-Barbuda,"hurricane maria track: where is maria? dominica, puerto rico, barbuda in path of hurricane",1,Neutral
20170918,cnn.com,http://money.cnn.com/2017/09/18/news/economy/puerto-rico-hurricane-maria/,hurricane maria poses new threat to debt-laden puerto rico,1,Negative
20170918,mprnews.org,https://www.mprnews.org/story/2017/09/18/npr-hurricane-maria-heads-toward-puerto-rico,hurricane maria heads toward puerto rico; expected to become major storm,1,Neutral
20170918,express.co.uk,http://www.express.co.uk/news/weather/855712/Hurricane-Maria-path-track-will-hit-Virgin-Islands-Puerto-Rico-Dominican-Republic,"hurricane maria: will maria hit puerto rico, virgin islands, dominican republic?",1,Neutral
20170918,vox.com,https://www.vox.com/science-and-health/2017/9/18/16326920/hurricane-maria-2017-forecast-caribbean-virgin-islands-puerto-rico,hurricane maria hits puerto rico as a category 4: what we know,1,Neutral
20170918,livescience.com,https://www.livescience.com/60439-hurricane-maria-heads-to-puerto-rico.html,'extremely dangerous' hurricane maria makes landfall in puerto rico,1,Negative
20170918,mashable.com,http://mashable.com/2017/09/18/hurricane-maria-puerto-rico-danger-category-4-follows-irma/,"hurricane maria rapidly intensifies, aims for a rare, devastating direct hit on puerto rico",1,Negative
20170918,nbcmiami.com,http://www.nbcmiami.com/news/local/Miami-Fire-Rescue-Task-Force-Deployed-to-Puerto-Rico-Ahead-of-Hurricane-Maria-445412563.html,miami fire rescue task force deployed to puerto rico ahead of hurricane maria,1,Positive
20170918,washingtonpost.com,https://www.washingtonpost.com/news/capital-weather-gang/wp/2017/09/18/intensifying-hurricane-maria-is-a-severe-threat-to-caribbean-and-puerto-rico-jose-to-scrape-northeast-coast/,‘extremely dangerous’ hurricane maria churns toward virgin islands and puerto rico; jose to scrape northeast coast,1,Neutral
20170918,revolutionradio.org,http://revolutionradio.org/2017/09/18/hurricane-maria-could-make-landfall-in-puerto-rico-as-a-category-4-storm/,hurricane maria could make landfall in puerto rico as a category 4 storm,1,Neutral
20170918,nbc12.com,http://www.nbc12.com/story/36395884/virginia-task-force-deployed-to-puerto-rico-for-hurricane-maria,virginia task force deployed to puerto rico for hurricane maria,1,Neutral
20170918,cbsnews.com,https://www.cbsnews.com/news/hurricane-maria-puerto-rico-imposes-rationing-of-basic-supplies/,puerto rico imposes rationing as hurricane maria approaches,1,Negative
20170918,insideclimatenews.org,https://insideclimatenews.org/news/18092017/hurricane-maria-irma-climate-change-models-storm-path-forecast-puerto-rico,"with maria threatening puerto rico, how climate science can improve forecasts",1,Negative
20170918,wsvn.com,http://wsvn.com/news/local/miami-fire-rescue-to-help-puerto-rico-brace-for-hurricane-maria/,miami fire rescue to help puerto rico brace for hurricane maria - wsvn 7news,1,Positive
20170918,fox43.com,http://fox43.com/2017/09/18/hurricane-maria-strengthens-to-category-3-heading-toward-puerto-rico/,hurricane maria strengthens to category 3 heading toward puerto rico,1,Positive
20170919,wbrc.com,http://www.wbrc.com/story/36402383/first-alert-showers-storms-flare-up-tuesday-afternoon-hurricane-maria-heads-towards-puerto-rico,"first alert: showers, storms flare up tuesday afternoon; hurricane maria heads towards puerto rico",1,Positive
20170919,weather.com,https://weather.com/en-CA/canada/news/news/hurricane-maria-category-4-leeward-islands-virgin-islands-puerto-rico,hurricane maria upgraded to category 4: potentially devastating strike on puerto rico and virgin islands ahead,1,Negative
20170919,watchers.news,https://watchers.news/2017/09/19/category-5-hurricane-maria-hits-dominica-puerto-rico-bracing-for-catastrophic-impact/,"category 5 hurricane “maria” hits dominica, puerto rico bracing for catastrophic impact",1,Negative
20170919,cbslocal.com,http://miami.cbslocal.com/2017/09/19/miami-airport-hurricane-maria-puerto-rico-travelers/,travelers from puerto rico head to miami to avoid hurricane maria,0,Negative
20170919,fox61.com,http://fox61.com/2017/09/19/watch-live-hurricane-maria-regains-category-5-strength-now-heading-toward-puerto-rico/,"hurricane maria regains category 5 strength, now heading toward puerto rico",1,Positive
20170919,sputniknews.com,https://sputniknews.com/environment/201709201057536168-hurricane-maria-heads-to-puerto-rico/,"after hurricane maria demolished dominica, puerto rico braces for a direct hit",1,Neutral
20170919,local10.com,https://www.local10.com/weather/hurricane/people-in-puerto-rico-prepare-for-the-worst-as-they-wait-for-hurricane-maria-,people in puerto rico prepare for the worst as they wait for hurricane maria,1,Negative
20170919,reliefweb.int,https://reliefweb.int/report/puerto-rico-united-states-america/maria-becomes-major-hurricane-powers-through-caribbean,"maria becomes major hurricane, powers through caribbean - puerto rico (the united states of america)",1,Positive
20170919,abc57.com,http://www.abc57.com/news/hurricane-maria-aims-for-puerto-rico-after-widespread-devastation-on-dominica,hurricane maria aims for puerto rico after 'widespread devastation' on dominica,1,Negative
20170919,pasadenastarnews.com,http://www.pasadenastarnews.com/general-news/20170919/hurricane-maria-smashes-dominica-now-menaces-puerto-rico,"hurricane maria smashes dominica, now menaces puerto rico",1,Neutral
20170919,abc7ny.com,http://abc7ny.com/weather/puerto-rico-bracing-for-direct-hit-from-hurricane-maria/2430780/,"still ravaged from irma, puerto rico bracing for direct hit from hurricane maria",1,Neutral
20170919,washingtonpost.com,https://www.washingtonpost.com/news/capital-weather-gang/wp/2017/09/19/puerto-rico-has-a-long-history-with-tropical-storms-none-of-them-were-like-hurricane-maria/,puerto rico has a long history with tropical storms. none of them were like hurricane maria.,1,Positive
20170919,revolutionradio.org,http://revolutionradio.org/2017/09/19/hurricane-maria-could-take-out-power-in-puerto-rico-indefinitely-and-its-too-late-to-prepare/,hurricane maria could take out power in puerto rico indefinitely and it’s too late to prepare,1,Neutral
20170919,finans.dk,http://finans.dk/protected/global/washingtonpost/ECE9882427/category-5-hurricane-maria-is-a-severe-threat-to-the-caribbean-puerto-rico-jose-to-scrape-northeast-coast/,"category 5 hurricane maria is a severe threat to the caribbean, puerto rico; jose to scrape northeast coast",1,Negative
20170919,wdtv.com,http://www.wdtv.com/content/news/Hurricane-Maria-back-at-Category-5-as-it-barrels-toward-Puerto-Rico-445688213.html,hurricane maria back at category 5 as it barrels toward puerto rico,1,Neutral
20170919,dailypress.com,http://www.dailypress.com/news/nationworld/ct-hurricane-maria-puerto-rico-20170919-story.html,"maria destroys homes, triggers flooding in puerto rico, leaving island without power",1,Negative
20170919,spacecoastdaily.com,http://spacecoastdaily.com/2017/09/cat-5-hurricane-maria-plows-through-leeward-islands-warnings-issued-for-puerto-rico-virgin-islands/,"cat. 5 hurricane maria plows through leeward islands, warnings issued for puerto rico, virgin islands",1,Negative
20170919,wkms.org,http://wkms.org/post/potentially-catastrophic-hurricane-maria-devastates-dominica-heads-puerto-rico,hurricane maria weakens to a category 4 as it closes in on puerto rico,1,Negative
20170919,aldianews.com,http://aldianews.com/articles/culture/environment/my-roof-gone-hurricane-maria-batters-dominica-heads-puerto-rico/49951,"""my roof is gone"": hurricane maria batters dominica, heads to puerto rico",1,Neutral
20170919,huffingtonpost.com;huffingtonpost.com,http://www.huffingtonpost.com/entry/hurricane-maria-puerto-rico-virgin-islands_us_59c13ba6e4b0f22c4a8ccac6?ncid=inblnkushpmg00000009<UDIV>http://www.huffingtonpost.com/entry/hurricane-maria-puerto-rico-virgin-islands_us_59c13ba6e4b0f22c4a8ccac6,"still a category 5, maria barrels toward puerto rico",1,Neutral
20170919,gcaptain.com,http://gcaptain.com/strengthening-hurricane-maria-to-pass-right-over-puerto-rico-forecasters-say/,"strengthening hurricane maria to pass right over puerto rico, forecasters say",1,Positive
20170919,abc13.com,http://abc13.com/news/merciless-hurricane-maria-pummels-dominica-takes-aim-at-puerto-rico/2431248/,maria 'potentially most catastrophic hurricane to hit puerto rico in a century',1,Negative
20170919,dailysabah.com,https://www.dailysabah.com/americas/2017/09/18/category-4-hurricane-maria-devastates-dominica-moves-toward-puerto-rico-virgin-islands,"category 4 hurricane maria devastates dominica, moves toward puerto rico, virgin islands",1,Negative
20170919,nbc12.com,http://www.nbc12.com/story/36398810/hurricane-maria-heads-toward-puerto-rico-jose-stays-off-shore,hurricane maria heads toward puerto rico; jose stays off shore,1,Neutral
20170919,ktbs.com,https://www.ktbs.com/news/hurricane-maria-leaves-devastation-rolls-toward-puerto-rico/article_4f43b2ac-9d23-11e7-93c7-1fad71dc502f.html,"hurricane maria leaves 'devastation,' rolls toward puerto rico",1,Negative
20170919,thegazette.com,http://www.thegazette.com/subject/news/nation-and-world/hurricane-maria-is-a-severe-threat-to-the-caribbean-puerto-rico-jose-to-scrape-northeast-coast-20170918,"hurricane maria is a severe threat to the caribbean, puerto rico; jose to scrape northeast coast",1,Negative
20170919,wbur.org,http://www.wbur.org/hereandnow/2017/09/19/puerto-rico-hurricane-maria,puerto rico braces for direct impact from hurricane maria,1,Neutral
20170919,orlandosentinel.com,http://www.orlandosentinel.com/weather/hurricane/os-hurricane-maria-dominica-puerto-rico-20170919-story.html,"hurricane maria back to category 5 lashes dominica, targets puerto rico",1,Neutral
20170919,sbs.com.au,http://www.sbs.com.au/news/article/2017/09/20/deadly-hurricane-maria-targets-st-croix-puerto-rico,'potentially catastrophic': hurricane maria slams us virgin islands as puerto rico braces for storm,1,Negative
20170919,newstalkzb.co.nz,http://www.newstalkzb.co.nz/news/world/hurricane-maria-gets-upgraded-headed-for-puerto-rico/,"hurricane maria gets upgraded, headed for puerto rico",1,Neutral
20170919,planetizen.com,https://www.planetizen.com/node/94878/puerto-rico-braces-direct-hit-hurricane-maria-wednesday,puerto rico braces for direct hit from hurricane maria on wednesday,1,Neutral
20170919,local10.com,https://www.local10.com/weather/hurricane/puerto-rico-prepares-for-hurricane-maria-to-make-landfall,puerto rico prepares for hurricane maria to make landfall,1,Neutral
20170919,sun-sentinel.com,http://www.sun-sentinel.com/news/weather/fl-reg-hurricane-maria-puerto-rico-caribbean-florida-20170919-story.html,a stunned puerto rico seeks to rebuild after hurricane maria,1,Negative
20170919,wtvr.com,http://wtvr.com/2017/09/19/hurricane-maria-puerto-rico/,hurricane maria barrels toward puerto rico after crippling dominica,1,Neutral
20170919,mashable.com,http://mashable.com/2017/09/19/hurricane-maria-most-damaging-storm-puerto-rico-history/,hurricane maria may be the most destructive storm in puerto rico's history,1,Negative
20170919,revolutionradio.org,http://revolutionradio.org/2017/09/19/hurricane-maria-causes-widespread-devastation-in-dominica-as-it-races-toward-puerto-rico/,hurricane maria causes “widespread devastation” in dominica as it races toward puerto rico,1,Neutral
20170919,dailyamerican.com,http://www.dailyamerican.com/news/nation/round-hurricane-maria-expected-to-hit-puerto-rico-caribbean-region/article_a11b566d-3c9a-5067-8665-7924340430ff.html,"round 2: hurricane maria expected to hit puerto rico, caribbean region this week",1,Neutral
20170919,ctvnews.ca,http://www.ctvnews.ca/world/hurricane-maria-aims-at-puerto-rico-after-slamming-dominica-1.3595732,hurricane maria aims at puerto rico after slamming dominica,1,Neutral
20170919,independent.co.uk,http://www.independent.co.uk/news/world/americas/hurricane-maria-path-track-category-5-puerto-rico-where-atlantic-storm-danger-a7954911.html,hurricane maria strengthens to category 5 again as path heads for puerto rico,1,Positive
20170919,gcaptain.com,http://gcaptain.com/hurricane-maria-targets-st-croix-puerto-rico-devastating-dominica/,hurricane maria targets st. croix and puerto rico after devastating dominica,1,Negative
20170919,qconline.com,http://www.qconline.com/news/world/hurricane-maria-smashes-dominica-now-menaces-puerto-rico/article_95135578-7685-5367-b30e-dddee7bc0fdc.html,"maria tears off roofs, triggers flooding in puerto rico",1,Negative
20170919,readingeagle.com,http://www.readingeagle.com/news/article/hurricane-maria-takes-aim-at-puerto-rico,hurricane maria takes aim at puerto rico,1,Neutral
20170919,dailycaller.com,http://dailycaller.com/2017/09/18/puerto-rico-evacs-ordered-as-hurricane-maria-becomes-category-four/,puerto rico evacs ordered as hurricane maria becomes category four,1,Neutral
20170919,dunyanews.tv,"http://dunyanews.tv/en/World/406039-Potentially-catastrophic-hurricane-Maria-Virgin-Islands,-Puerto-Rico","'potentially catastrophic' maria eyes virgin islands, puerto rico",1,Negative
20170919,bangkokpost.com,http://www.bangkokpost.com/news/world/1327347/killer-hurricane-maria-slams-dominica-menaces-puerto-rico,"killer hurricane maria slams dominica, menaces puerto rico",1,Negative
20170919,nydailynews.com,http://www.nydailynews.com/news/world/hurricane-maria-brings-chaos-dominica-heads-puerto-rico-article-1.3505803,"hurricane maria kills one person as it brings chaos to the caribbean, moves toward puerto rico and virgin islands",1,Negative
20170919,whdh.com,http://whdh.com/news/hurricane-maria-smashes-dominica-now-menaces-puerto-rico/,"hurricane maria aims at puerto rico after slamming dominica - boston news, weather, sports",1,Neutral
20170919,adn.com,https://www.adn.com/nation-world/2017/09/19/hurricane-maria-blasts-dominica-aims-at-u-s-virgin-islands-and-puerto-rico/,"hurricane maria does ‘mind-boggling’ damage to dominica, aims at u.s. virgin islands and puerto rico",1,Negative
20170919,wfmz.com,http://www.wfmz.com/news/lehigh-valley/local-womans-family-braces-for-hurricane-maria-in-puerto-rico/622785499,local woman's family braces for hurricane maria in puerto rico,1,Neutral
20170919,timesleader.com,http://timesleader.com/news/675839/category-5-hurricane-maria-smashes-dominica-aims-for-puerto-rico,"category 5 hurricane maria smashes dominica, aims for puerto rico",1,Neutral
20170919,govtech.com,http://www.govtech.com/em/disaster/Hurricane-Maria-Tears-Through-the-Eastern-Caribbean-Toward-Puerto-Rico.html,hurricane maria tears through the eastern caribbean toward puerto rico,1,Negative
20170919,actionnewsjax.com,http://www.actionnewsjax.com/weather/talking-tropics/major-hurricane-maria-headed-for-puerto-rico-us-virgin-islands/611474668,major hurricane maria headed for puerto rico & u.s. virgin islands,1,Neutral
20170919,cbs12.com,http://cbs12.com/news/local/hurricane-maria-headed-for-puerto-rico,hurricane maria headed for puerto rico,1,Neutral
20170919,firstpost.com,http://www.firstpost.com/world/hurricane-maria-back-to-category-5-as-it-plummets-dominica-now-barrels-towards-puerto-rico-4060095.html,hurricane maria back to category 5 as it plummets dominica; now barrels towards puerto rico,1,Neutral
20170919,weather.com,https://weather.com/storms/hurricane/news/hurricane-maria-category-5-leeward-islands-virgin-islands-puerto-rico,"hurricane maria, the strongest puerto rico landfall in 89 years, unleashes a siege of destructive winds and flooding",1,Negative
20170919,wbal.com;wbal.com,http://www.wbal.com/article/265251/21/puerto-rico-braces-for-direct-hit-from-hurricane-maria<UDIV>http://www.wbal.com/article/265251/3/puerto-rico-braces-for-direct-hit-from-hurricane-maria,hurricane maria hits puerto rico after slamming dominica,1,Neutral
20170919,wishtv.com,http://wishtv.com/2017/09/19/puerto-rico-virgin-islands-residents-urged-to-prepare-as-160-mph-hurricane-maria-nears/,"puerto rico, virgin islands residents urged to prepare as 160 mph hurricane maria nears",1,Neutral
20170919,nbcnews.com;nbcnews.com,https://www.nbcnews.com/news/us-news/bankrupt-puerto-rico-faces-direct-hit-hurricane-maria-n802431?cid=public-rss_20170919<UDIV>https://www.nbcnews.com/news/us-news/bankrupt-puerto-rico-faces-direct-hit-hurricane-maria-n802431,bankrupt puerto rico faces direct hit from hurricane maria,1,Negative
20170919,goupstate.com,http://www.goupstate.com/news/20170919/hurricane-maria-heading-toward-virgin-islands-and-puerto-rico-as-category-5,hurricane maria heading toward virgin islands and puerto rico as category 5,1,Neutral
20170919,cbslocal.com,http://miami.cbslocal.com/2017/09/19/hurricane-maria-batters-dominica-sets-sights-on-puerto-rico/,"hurricane maria batters dominica, sets sights on puerto rico",1,Neutral
20170919,nypost.com,http://nypost.com/2017/09/19/puerto-rico-braces-for-catastrophic-hurricane-maria/,puerto rico braces for catastrophic hurricane maria,1,Negative
20170919,cullmantimes.com,http://www.cullmantimes.com/news/hurricane-maria-slams-dominica-now-menaces-puerto-rico/article_ef00a056-9d6a-11e7-ad31-f34dc5d8280c.html,"hurricane maria slams dominica, now menaces puerto rico",1,Neutral
20170919,centralmaine.com,http://www.centralmaine.com/2017/09/19/hurricane-maria-slams-dominica-now-menaces-virgin-islands-puerto-rico/,"destruction in its wake, hurricane maria takes aim at puerto rico",1,Negative
20170919,blackamericaweb.com,https://blackamericaweb.com/2017/09/19/hurricane-maria-intensifies-aims-for-puerto-rico/,"hurricane maria intensifies, aims for puerto rico",1,Neutral
20170919,tampabay.com,http://www.tampabay.com/news/weather/hurricanes/hurricane-maria-takes-aim-at-puerto-rico-after-lashing-dominica-as/2337951,"hurricane maria's winds hit 175 mph as it aims at virgin islands, puerto rico",1,Neutral
20170919,theverge.com,https://www.theverge.com/2017/9/19/16326964/hurricane-maria-puerto-rico-dominica-category-5,hurricane maria headed for puerto rico after hitting dominica,1,Neutral
20170919,independent.co.uk,http://www.independent.co.uk/news/world/americas/hurricane-maria-path-latest-updates-where-heading-puerto-rico-when-hit-damage-category-4-news-a7954731.html,"hurricane maria path: where is 'catastrophic' storm heading, when will it hit puerto rico and how much damage will it do?",1,Negative
20170919,independent.co.uk,http://www.independent.co.uk/news/world/americas/maria-hurricane-latest-updates-puerto-rico-path-storm-dominica-a7956196.html,hurricane maria barrels toward puerto rico after leaving a path of devastation in dominica,1,Negative
20170919,suntimes.com,http://chicago.suntimes.com/news/hurricane-maria-smashes-dominica-on-track-for-puerto-rico/,"hurricane maria destroys homes, triggers flooding in puerto rico",1,Negative
20170919,wmfe.org,http://www.wmfe.org/my-roof-is-gone-hurricane-maria-slams-dominica-heads-for-puerto-rico/78133,"'my roof is gone': hurricane maria slams dominica, heads for puerto rico",1,Neutral
20170919,weisradio.com,http://www.weisradio.com/merciless-hurricane-maria-pummels-dominica-takes-aim-at-puerto-rico/,"‘merciless’ hurricane maria pummels dominica, takes aim at puerto rico ",1,Neutral
20170919,weartv.com,http://weartv.com/weather/category-5-hurricane-maria-heads-toward-puerto-rico,category 5 hurricane maria heads toward puerto rico,1,Neutral
20170919,pri.org,https://www.pri.org/stories/2017-09-19/after-pummeling-dominica-hurricane-maria-forces-puerto-rico-and-virgin-islands,"after pummeling dominica, hurricane maria forces puerto rico and virgin islands to brace for impact",1,Neutral
20170919,weisradio.com,http://www.weisradio.com/evacuation-orders-issued-for-four-areas-of-puerto-rico-as-hurricane-maria-nears/,evacuation orders issued for four areas of puerto rico as hurricane maria nears ,1,Neutral
20170919,sky.com,http://news.sky.com/story/millions-braced-for-disaster-as-hurricane-maria-bears-down-on-puerto-rico-11043404,puerto rico a 'ghost town' as it braces for deadly hurricane maria,1,Negative
20170919,clickorlando.com,https://www.clickorlando.com/news/families-prepare-homes-in-puerto-rico-evacuate-to-orlando-before-hurricane-maria,"families prepare homes in puerto rico, evacuate to orlando before hurricane maria",1,Neutral
20170919,cntraveler.com,https://www.cntraveler.com/story/hurricane-maria-to-hit-puerto-rico-virgin-islands-this-week,"hurricane maria expected to hit puerto rico, virgin islands this week",1,Neutral
20170919,firstpost.com,http://www.firstpost.com/world/hurricane-maria-strengthens-to-category-5-storm-bears-down-on-dominica-puerto-rico-4057819.html,"hurricane maria strengthens to category 5 storm, bears down on dominica, puerto rico",1,Positive
20170919,sej.org,http://www.sej.org/headlines/category-5-hurricane-maria-targeting-virgin-islands-and-puerto-rico,category 5 hurricane maria targeting the virgin islands and puerto rico,1,Neutral
20170919,thedailybeast.com,http://www.thedailybeast.com/as-hurricane-maria-homes-in-on-puerto-rico-many-say-they-wont-evacuate,"as hurricane maria homes in on puerto rico, many say they won't evacuate",1,Neutral
20170919,usf.edu,http://wusfnews.wusf.usf.edu/post/hurricane-maria-track-virgin-islands-puerto-rico,"hurricane maria on track for virgin islands, puerto rico",1,Neutral
20170919,samoaobserver.ws,http://www.samoaobserver.ws/en/20_09_2017/world/24525/Hurricane-Maria-slams-Dominica-now-takes-aim-at-Puerto-Rico.htm,"hurricane maria slams dominica, now takes aim at puerto rico",1,Neutral
20170919,reliefweb.int,https://reliefweb.int/report/puerto-rico-united-states-america/caribbean-braces-hurricane-maria-response-continues-irma,caribbean braces for hurricane maria as response continues in irma aftermath - puerto rico (the united states of america),1,Positive
20170919,dailyherald.com,http://www.dailyherald.com/news/20170919/hurricane-maria-poses-extremely-dangerous-threat-to-virgin-islands-puerto-rico,"hurricane maria poses extremely dangerous threat to virgin islands, puerto rico",1,Negative
20170919,theguardian.com,https://www.theguardian.com/world/2017/sep/19/puerto-rico-hurricane-maria-category-five-storm,puerto rico braces itself for 'worst atmospheric event in a century',1,Negative
20170919,cnbc.com,https://www.cnbc.com/2017/09/19/puerto-rico-braces-for-hurricane-maria.html,"still recovering from irma, puerto rico braces for hurricane maria",1,Neutral
20170919,washingtonpost.com,https://www.washingtonpost.com/news/capital-weather-gang/wp/2017/09/19/category-5-hurricane-maria-is-a-disaster-scenario-for-puerto-rico-and-virgin-islands-jose-to-brush-by-new-england/,hurricane maria sweeps across puerto rico with destructive winds and tremendous rainfall,1,Negative
20170919,wftv.com,http://www.wftv.com/news/local/hurricane-maria-central-floridians-with-ties-to-puerto-rico-fear-for-families-safety/611644321,hurricane maria: central floridians with ties to puerto rico fear for families' safety,1,Negative
20170919,wmal.com,http://www.wmal.com/2017/09/19/hurricane-maria-devastates-dominica-targets-puerto-rico/,"hurricane maria devastates dominica, targets puerto rico",1,Negative
20170919,abc13.com,http://abc13.com/weather/hurricane-maria-on-menacing-path-to-puerto-rico/2432203/,hurricane maria on menacing path to puerto rico,1,Neutral
20170919,nytimes.com,https://www.nytimes.com/2017/09/19/us/puerto-rico-hurricane-maria.html,puerto rico braces for ‘potentially catastrophic’ hit by hurricane maria,1,Neutral
20170919,abc7.com,http://abc7.com/weather/hurricane-maria-grows-to-category-5-as-it-heads-to-puerto-rico/2430285/,hurricane maria grows to category 5 as trump declares emergency for puerto rico,1,Negative
20170919,reviewjournal.com,https://www.reviewjournal.com/news/nation-and-world/hurricane-maria-devastates-dominica-heads-toward-puerto-rico/,"hurricane maria devastates dominica, heads toward puerto rico",1,Negative
20170919,time.com,http://time.com/4948462/when-will-hurricane-maria-hit-puerto-rico/,when will hurricane maria hit puerto rico?,1,Neutral
20170919,wfdd.org,https://www.wfdd.org/story/my-roof-gone-hurricane-maria-slams-domenica-heads-puerto-rico,"'potentially catastrophic' hurricane maria devastates dominica, heads for puerto rico",1,Negative
20170919,talkingpointsmemo.com,http://talkingpointsmemo.com/news/hurricane-maria-aims-at-puerto-rico,maria aims at puerto rico after causing dominica ‘mind-boggling’ devastation,1,Negative
20170919,arstechnica.com,https://arstechnica.com/science/2017/09/potentially-catastrophic-hurricane-maria-set-to-strike-puerto-rico/,“potentially catastrophic” hurricane maria set to strike puerto rico,1,Negative
20170919,talkingpointsmemo.com,http://talkingpointsmemo.com/news/puerto-rico-hurricane-maria-evacuate-or-die,puerto rico officials as hurricane maria heads toward islands: evacuate or die,1,Negative
20170919,uproxx.com,http://uproxx.com/news/hurricane-maria-puerto-rico-dominica/,hurricane maria prepares for a 'catastrophic' strike on puerto rico,1,Negative
20170919,whqr.org,http://whqr.org/post/hurricane-maria-spins-toward-puerto-rico,hurricane maria spins toward puerto rico,1,Neutral
20170919,washingtonpost.com,https://www.washingtonpost.com/news/dr-gridlock/wp/2017/09/19/airlines-move-to-cap-fares-add-seats-as-hurricane-maria-closes-in-on-puerto-rico-u-s-virgin-islands/,"airlines move to cap fares, add seats as hurricane maria closes in on puerto rico, u.s. virgin islands",1,Neutral
20170919,cbsnews.com,https://www.cbsnews.com/news/hurricane-maria-merciless-clobbers-dominica-eyes-puerto-rico/,"hurricane maria clobbers dominica, eyes puerto rico",1,Neutral
20170920,pnj.com,http://www.pnj.com/story/news/world/2017/09/20/puerto-rico-braces-direct-hit-hurricane-maria/684121001/,entire island of puerto rico without power after being pummeled by hurricane maria,1,Neutral
20170920,orlandosentinel.com,http://www.orlandosentinel.com/weather/hurricane/os-hurricane-maria-puerto-rico-20170920-story.html,live video: hurricane maria hits puerto rico,1,Neutral
20170920,richmond.com,http://www.richmond.com/weather/hurricane-maria-on-a-worst-case-path-for-puerto-rico/article_8d34f5eb-91ee-5c86-8a7d-85df8dc834e9.html,hurricane maria on a worst-case path for puerto rico; jose will weaken and stall off new england,1,Negative
20170920,fox43.com,http://fox43.com/2017/09/20/hurricane-maria-knocks-out-power-to-all-of-puerto-rico-cripples-other-islands/,"hurricane maria knocks out power to all of puerto rico, cripples other islands",1,Neutral
20170920,fox13now.com,http://fox13now.com/2017/09/19/former-utahns-living-in-puerto-rico-cope-with-hurricane-irma-prepare-for-maria/,"former utahns living in puerto rico cope with hurricane irma, prepare for maria",1,Neutral
20170920,manilatimes.net,http://www.manilatimes.net/hurricane-maria-eyes-virgin-islands-puerto-rico/351770/,"hurricane maria eyes virgin islands, puerto rico",1,Neutral
20170920,sputniknews.com,https://sputniknews.com/latam/201709201057552948-hurricane-maria-puerto-rico/,eye of hurricane maria over eastern puerto rico - us national hurricane center,1,Neutral
20170920,timesfreepress.com,http://www.timesfreepress.com/news/breakingnews/story/2017/sep/20/hurricane-maria-destroys-homes-triggers-flooding-puerto-rico/450134/,"a stunned puerto rico seeks to rebuild after hurricane maria [photos, tracker]",1,Negative
20170920,wsvn.com,http://wsvn.com/news/us-world/hurricane-maria-hits-puerto-rico-heavy-flooding-reported/,"maria destroys homes, triggers flooding in puerto rico ",1,Negative
20170920,nbcsandiego.com,http://www.nbcsandiego.com/news/national-international/Hurricane-Maria-Puerto-Rico-Landfall-445960903.html,‘extremely dangerous' hurricane maria knocks out all power to puerto rico; heavy flooding reported,1,Negative
20170920,41nbc.com,https://www.41nbc.com/2017/09/19/summer-holds-georgia-hurricane-maria-threatens-puerto-rico/,"summer holds on in georgia, as hurricane maria threatens puerto rico ",1,Negative
20170920,thenational.ae,https://www.thenational.ae/world/the-americas/hurricane-maria-power-knocked-out-across-puerto-rico-1.630422,hurricane maria: power knocked out across puerto rico,1,Neutral
20170920,cbs12.com,http://cbs12.com/news/local/hurricane-maria-weakens-to-140-mph-winds-after-slamming-puerto-rico,"hurricane maria downgrades to category 2, causes catastrophic flooding in puerto rico",1,Negative
20170920,whdh.com,http://whdh.com/news/hurricane-maria-hits-puerto-rico-after-slamming-dominica/,"maria destroys homes, triggers flooding in puerto rico ",1,Negative
20170920,radionz.co.nz,http://www.radionz.co.nz/news/world/339876/hurricane-maria-power-lost-in-puerto-rico,hurricane maria: power lost in puerto rico,1,Negative
20170920,clickondetroit.com,https://www.clickondetroit.com/weather/hurricane/watch-live-follow-hurricane-marias-path-as-it-travels-through-puerto-rico,watch live: follow hurricane maria's path as it travels through puerto rico,1,Neutral
20170920,tribtoday.com,http://www.tribtoday.com/news/latest-news/2017/09/wed-10-a-m-maria-makes-landfall-in-puerto-rico-as-category-4-hurricane/,wed. 10 a.m.: maria makes landfall in puerto rico as category 4 hurricane,1,Neutral
20170920,vosizneias.com,http://www.vosizneias.com/280842/2017/09/20/san-juan-as-hurricane-maria-hits-puerto-rico-synagogues-cancel-rosh-hashanah-services/,"as hurricane maria hits puerto rico, synagogues cancel rosh hashanah services",1,Negative
20170920,6abc.com,http://6abc.com/news/hurricane-maria-makes-landfall-in-puerto-rico-as-category-4-storm/2435113/,"power out in 100 percent of puerto rico, curfew set after island 'destroyed' by maria",1,Negative
20170920,theguardian.com,https://www.theguardian.com/world/2017/sep/20/puerto-rico-potentially-catastrophic-direct-hit-hurricane-maria,puerto rico forecast to take 'potentially catastrophic' direct hit from hurricane maria,1,Negative
20170920,680news.com,http://www.680news.com/2017/09/20/hurricane-maria-aims-puerto-rico-slamming-dominica-guadeloupe/,"maria destroys homes, triggers flooding in puerto rico",1,Negative
20170920,wowt.com,http://www.wowt.com/content/news/Maria-slams-into-Puerto-Rico-as-hurricane-assault-continues-446028303.html,maria slams into puerto rico as hurricane assault continues,1,Negative
20170920,yahoo.com,https://uk.news.yahoo.com/screaming-hurricane-maria-makes-landfall-puerto-rico-132000541.html,hurricane maria heads towards turks and caicos after direct hit on puerto rico,1,Neutral
20170920,clickondetroit.com,https://www.clickondetroit.com/weather/hurricane/live-stream-tracking-hurricane-marias-path-as-it-hits-puerto-rico,live stream: tracking hurricane maria's path as it hits puerto rico,1,Neutral
20170920,newsaegis.com,http://www.newsaegis.com/cnhi_network/hurricane-maria-lashes-puerto-rico-with-force-not-seen-in/article_bad08804-935b-5f44-9658-a9db28f6c7a9.html,hurricane maria lashes puerto rico with force not seen in ‘modern history’,1,Neutral
20170920,mprnews.org,https://www.mprnews.org/story/2017/09/20/hurricane-maria-hits-puerto-rico,reports indicate hurricane maria may have knocked out power to all of puerto rico,1,Neutral
20170920,punchng.com,http://punchng.com/breaking-eye-of-hurricane-maria-makes-landfall-in-puerto-rico/,hurricane maria makes landfall in puerto rico,1,Neutral
20170920,twincities.com,http://www.twincities.com/2017/09/20/hurricane-maria-puerto-rico-floods-power-out-caribbean-storm/,"maria knocks out power, triggers flooding in puerto rico",1,Neutral
20170920,hawaiipublicradio.org,http://hawaiipublicradio.org/post/god-us-hurricane-maria-makes-landfall-puerto-rico,"puerto rico energy infrastructure is 'completely down,' governor says",1,Positive
20170920,manilatimes.net,http://www.manilatimes.net/eye-hurricane-maria-makes-landfall-puerto-rico/351715/,eye of hurricane maria makes landfall in puerto rico,1,Neutral
20170920,greenvilleonline.com,http://www.greenvilleonline.com/story/news/2017/09/20/hurricane-maria-batters-puerto-rico-carolinas-impact-still-uncertain/684151001/,"hurricane maria batters puerto rico, carolinas impact still uncertain",1,Negative
20170920,wcvb.com,http://www.wcvb.com/article/massachusetts-task-force-heading-to-puerto-rico-due-to-hurricane-maria/12355805,massachusetts task force heading to puerto rico due to hurricane maria,1,Neutral
20170920,kfdm.com,http://kfdm.com/news/local/hurricane-maria-slams-into-puerto-rico-with-150mph-winds,hurricane maria slams into puerto rico with 150+mph winds,1,Neutral
20170920,worldmaritimenews.com,http://worldmaritimenews.com/archives/230244/hurricane-maria-closes-ports-in-puerto-rico-virgin-islands/,"hurricane maria closes ports in puerto rico, virgin islands",1,Neutral
20170920,cbslocal.com,http://newyork.cbslocal.com/2017/09/20/hurricane-maria-puerto-rico/,"hurricane maria batters puerto rico; leaves homes damaged, streets flooded, power out",1,Negative
20170920,wqad.com,http://wqad.com/2017/09/20/puerto-rico-governor-still-time-to-get-to-shelters-before-hurricane-maria/,puerto rico governor: still time to get to shelters before hurricane maria,1,Neutral
20170920,shanghaidaily.com,http://www.shanghaidaily.com/world/Hurricane-Maria-slams-into-Puerto-Rico/shdaily.shtml,hurricane maria slams into puerto rico,1,Neutral
20170920,go.com,http://abcnews.go.com/International/hurricane-maria-leaves-puerto-rico-power-striking/story?id=49971859,"puerto rico in dark, curfew set after island 'destroyed' by hurricane maria, officials say",1,Negative
20170920,reliefweb.int,https://reliefweb.int/report/puerto-rico-united-states-america/hurricane-maria-pounds-eastern-puerto-rico,hurricane maria pounds eastern puerto rico - puerto rico (the united states of america),1,Positive
20170920,france24.com,http://www.france24.com/en/20170920-hurricane-maria-virgin-islands-dominica-guadeloupe-puerto-rico,hurricane maria barrels into puerto rico after lashing virgin islands,1,Neutral
20170920,clickorlando.com,https://www.clickorlando.com/news/locals-fear-for-family-in-puerto-rico-during-hurricane-maria,locals fear for family in puerto rico during hurricane maria,1,Negative
20170920,niagara-gazette.com,http://www.niagara-gazette.com/cnhi_network/hurricane-maria-lashes-puerto-rico-with-force-not-seen-in/article_72aebcbc-4b9f-563f-8784-32a876424e2b.html,hurricane maria lashes puerto rico with force not seen in 'modern history',1,Neutral
20170920,aol.com,https://www.aol.com/article/weather/2017/09/20/hurricane-maria-makes-landfall-in-puerto-rico-as-a-category-4-storm/23216324/,hurricane maria makes landfall in puerto rico as a category 4 storm,1,Neutral
20170920,wcax.com,http://www.wcax.com/content/news/Hurricane-Maria-closes-in-on-Virgin-Islands-Puerto-Rico-445832813.html,"hurricane maria closes in on virgin islands, puerto rico",1,Neutral
20170920,madison.com,http://host.madison.com/news/national/hurricane-maria-knocks-out-power-to-all-of-puerto-rico/article_816cc0c2-9e44-5a84-bbe7-f920dfac36a8.html,emergency crews in puerto rico set out on darkened streets,1,Negative
20170920,yahoo.com,https://ca.news.yahoo.com/hurricane-maria-bears-down-st-croix-puerto-rico-024739939.html,hurricane maria blasts puerto rico with high winds and flooding,1,Neutral
20170920,ksat.com,https://www.ksat.com/live/watch-live-hurricane-maria-hits-puerto-rico,hurricane maria makes landfall in puerto rico; death toll rises to 9,1,Negative
20170920,dw.com,http://www.dw.com/en/hurricane-maria-takes-aim-at-puerto-rico-virgin-islands/a-40594221,maria lashes at puerto rico – dw – 09,1,Neutral
20170920,npr.org,http://www.npr.org/2017/09/20/552418313/hurricane-maria-hits-puerto-rico-at-time-when-the-island-is-already-struggling,hurricane maria hits puerto rico at time when the island is already struggling,1,Negative
20170920,npr.org,http://www.npr.org/sections/thetwo-way/2017/09/20/552264738/top-stories-hurricane-maria-hits-puerto-rico-senate-gop-s-health-care-bill,top stories: hurricane maria hits puerto rico; senate gop's health care bill,1,Positive
20170920,sandiegouniontribune.com,http://www.sandiegouniontribune.com/opinion/the-conversation/sd-hurricane-maria-puerto-rico-20170920-htmlstory.html,"hurricane maria: photos, video from puerto rico show storm’s fury",1,Negative
20170920,standard.co.uk,https://www.standard.co.uk/news/world/hurricane-maria-puerto-rico-left-without-power-as-devastating-storm-barrels-towards-uk-territories-a3639776.html,hurricane maria: puerto rico left without power as devastating storm barrels towards uk territories,1,Positive
20170920,fortune.com,http://fortune.com/2017/09/20/hurricane-maria-puerto-rico-hospitals/,hurricane maria could devastate puerto rico’s underfunded health system,1,Negative
20170920,onlineathens.com,http://onlineathens.com/national-news/2017-09-20/hurricane-maria-unleashes-fury-puerto-rico-winds-are-out-horror-movie,hurricane maria unleashes fury on puerto rico: 'the winds are like out of a horror movie',1,Negative
20170920,thespec.com,https://www.thespec.com/news-story/7566284-hurricane-maria-knocks-out-power-triggers-flooding-in-puerto-rico/,"hurricane maria knocks out power, triggers flooding in puerto rico",1,Neutral
20170920,kxii.com,http://www.kxii.com/content/news/Hurricane-Maria-hits-Puerto-Rico-446107473.html,hurricane maria hits puerto rico,1,Neutral
20170920,news-press.com,http://www.news-press.com/story/weather/hurricane/2017/09/20/hurricane-maria-strike-puerto-rico-devastating-category-4-storm/684138001/,"hurricane maria weakens to category 2, moves away from puerto rico",1,Negative
20170920,abc57.com,http://www.abc57.com/news/hurricane-maria-pounds-puerto-rico-after-killing-7-people-in-dominica,hurricane maria pounds puerto rico after killing 7 people in dominica,1,Negative
20170920,cbs6albany.com,http://cbs6albany.com/news/local/hurricane-maria-weakens-slightly-bears-down-on-puerto-rico,"hurricane maria weakens slightly, bears down on puerto rico",1,Negative
20170920,forward.com,http://forward.com/fast-forward/383299/monster-hurricane-maria-strikes-puerto-rico-rosh-hashanah-services-cancelle/,monster hurricane maria strikes puerto rico — rosh hashanah services cancelled,1,Negative
20170920,nbcnews.com,https://www.nbcnews.com/news/weather/hurricane-maria-makes-landfall-puerto-rico-category-4-storm-n802911,"all power out as hurricane maria's winds, floods crush puerto rico",1,Negative
20170920,iheart.com,http://wjno.iheart.com/content/2017-09-20-trending-hurricane-maria-hits-puerto-rico-as-a-category-4-storm/,trending – hurricane maria hits puerto rico as a category 4 storm,1,Neutral
20170920,tradeonlytoday.com,https://www.tradeonlytoday.com/industry-news/hurricane-maria-storm-batters-puerto-rico-sending-thousands-into-shelters,"hurricane maria: storm batters puerto rico, sending thousands into shelters",1,Neutral
20170920,talkingpointsmemo.com,http://talkingpointsmemo.com/world-news/hurricane-maria-devastates-puerto-rico,"hurricane maria tears off roofs, unleashes heavy flooding in puerto rico",1,Negative
20170920,news-journalonline.com,http://www.news-journalonline.com/news/20170919/hurricane-maria-strengthens-heads-for-puerto-rico,"hurricane maria strengthens, heads for puerto rico",1,Positive
20170920,independent.ie,http://www.independent.ie/world-news/latin-america/entire-island-of-puerto-rico-population-34m-without-power-as-hurricane-maria-causes-widespread-destruction-36153175.html,entire island of puerto rico - population 3.4m - without power as hurricane maria causes widespread destruction,1,Negative
20170920,tylerpaper.com,http://www.tylerpaper.com/TP-News+National/303194/hurricane-maria-hits-puerto-rico-as-a-category-4-storm,hurricane maria hits puerto rico as a category 4 storm,1,Neutral
20170920,spacecoastdaily.com,http://spacecoastdaily.com/2017/09/hurricane-maria-drops-to-category-4-storm-continues-to-roll-through-puerto-rico/,"hurricane maria drops to category 4 storm, continues to roll through puerto rico",1,Neutral
20170920,financialexpress.com,http://www.financialexpress.com/world-news/hurricane-maria-brings-destruction-heavy-floods-to-puerto-rico/863916/,"hurricane maria brings destruction, heavy floods to puerto rico",1,Negative
20170920,washingtonpost.com,https://www.washingtonpost.com/news/energy-environment/wp/2017/09/20/puerto-ricos-power-company-was-already-bankrupt-then-hurricane-maria-hit/,hurricane maria has dealt a heavy blow to puerto rico’s bankrupt utility and fragile electric grid,1,Negative
20170920,wglt.org,http://wglt.org/post/puerto-rico-hurricane-maria-brings-widespread-damage-and-widespread-flooding,"in puerto rico, hurricane maria brings 'widespread damage and widespread flooding'",1,Negative
20170920,tcpalm.com,http://www.tcpalm.com/story/weather/hurricanes/2017/09/20/hurricane-maria-make-landfall-puerto-rico-155-mph-winds/684133001/,category 2 hurricane maria moving on to dominican republic after pounding puerto rico,1,Neutral
20170920,mashable.com,http://mashable.com/2017/09/19/hurricane-maria-potentially-catastrophic-landfall-puerto-rico/,historic hurricane maria barrels toward potentially catastrophic landfall in puerto rico,1,Negative
20170920,express.co.uk,http://www.express.co.uk/news/world/856511/Hurricane-Maria-path-watch-US-Virgin-Islands-Caribbean-puerto-rico-landfall,hurricane maria path: puerto rico smashed as debris flies and storm makes landfall,1,Neutral
20170920,sputniknews.com,https://sputniknews.com/environment/201709201057564979-hurricane-maria-puerto-rico-power-outages/,"hurricane maria clobbers puerto rico, causes island-wide power outage",1,Neutral
20170920,dailymail.co.uk,http://www.dailymail.co.uk/wires/pa/article-4904390/Hurricane-Maria-destroys-hundreds-homes-triggers-flooding-Puerto-Rico.html,hurricane maria destroys hundreds of homes and triggers flooding in puerto rico,1,Negative
20170920,nypost.com,http://nypost.com/2017/09/20/hurricane-maria-pummels-puerto-rico-with-total-devastation/,hurricane maria devastates puerto rico,1,Negative
20170920,foxbusiness.com,http://www.foxbusiness.com/markets/2017/09/20/hurricane-maria-slams-puerto-rico-with-high-rains-storm-surge.html,"hurricane maria blasts puerto rico, kills at least nine in caribbean",1,Negative
20170920,france24.com,http://www.france24.com/en/20170920-puerto-rico-virgin-islands-brace-hurricane-maria,"puerto rico, virgin islands brace for hurricane maria",1,Neutral
20170920,telegraph.co.uk,http://www.telegraph.co.uk/news/2017/09/20/hurricane-maria-path-latest-news-live-puerto-rico-virgin-islands/,hurricane maria: puerto rico left entirely without power,1,Neutral
20170920,fox13now.com,http://fox13now.com/2017/09/20/hurricane-maria-pounds-puerto-rico-with-145-mph-winds/,hurricane maria pounds puerto rico with 145 mph winds,1,Neutral
20170920,winknews.com,http://www.winknews.com/2017/09/20/winds-decrease-slightly-as-hurricane-marias-eye-over-puerto-rico/,"hurricane maria keeps weakening, moves off puerto rico",1,Negative
20170920,jamaica-gleaner.com,http://jamaica-gleaner.com/article/world-news/20170920/doors-and-roofs-fly-cat-4-hurricane-maria-pummels-puerto-rico,doors and roofs fly as cat 4 hurricane maria pummels puerto rico,1,Neutral
20170920,express.co.uk,http://www.express.co.uk/news/weather/856623/hurricane-maria-latest-path-tsunami-maria-map-nhc-update-noaa-puerto-rico,hurricane maria latest: tsunami alarms blare as puerto rico hit,1,Negative
20170920,newstalkzb.co.nz,http://www.newstalkzb.co.nz/news/world/hurricane-maria-moves-towards-puerto-rico/,hurricane maria moves towards puerto rico,1,Neutral
20170920,thejournal.ie,http://www.thejournal.ie/hurricane-maria-puerto-rico-3606919-Sep2017/,whole of puerto rico without power as hurricane maria hammers through the island,1,Neutral
20170920,ndtv.com,http://www.ndtv.com/world-news/storm-of-the-century-hurricane-maria-pummels-puerto-rico-1753044,'storm of the century' hurricane maria pummels puerto rico,1,Neutral
20170920,weisradio.com,http://www.weisradio.com/hurricane-maria-leaves-all-of-puerto-rico-without-power/,hurricane maria leaves all of puerto rico without power ,1,Neutral
20170920,ibtimes.co.in,http://www.ibtimes.co.in/puerto-rico-hunkers-down-hurricane-maria-after-storm-leaves-trail-devastation-dominica-742746,puerto rico hunkers down for hurricane maria after storm leaves trail of devastation in dominica,1,Negative
20170920,weartv.com,http://weartv.com/news/local/gallery-hurricane-maria-destroys-homes-knocks-out-power-in-puerto-rico,"gallery: hurricane maria destroys homes, knocks out power in puerto rico",1,Negative
20170920,fox9.com,http://www.fox9.com/news/hurricane-maria-slams-puerto-rico,"hurricane maria slams into puerto rico, stretching already thin resources",1,Neutral
20170920,wmal.com,http://www.wmal.com/2017/09/20/hurricane-maria-makes-windfall-in-puerto-rico/,hurricane maria makes landfall in puerto rico as a cat 4 storm,1,Neutral
20170920,dailymail.co.uk,http://www.dailymail.co.uk/news/article-4902546/Maria-makes-landfall-Puerto-Rico-Cat-4-hurricane.html,puerto rico could be out of power for months after maria,1,Neutral
20170920,centralmaine.com,http://www.centralmaine.com/2017/09/20/hurricane-maria-makes-landfall-in-puerto-rico-with-155-mph-winds/,"maria knocks out all electricity in puerto rico, causes widespread flooding",1,Neutral
20170920,nytimes.com,https://www.nytimes.com/2017/09/20/us/hurricane-maria-puerto-rico.html,puerto rico loses power and sets a curfew,1,Negative
20170920,news1130.com,http://www.news1130.com/2017/09/20/hurricane-maria-puerto-rico/,"hurricane maria hits puerto rico, knocks out power and causes heavy flooding",1,Neutral
20170920,express.co.uk,http://www.express.co.uk/news/world/856391/hurricane-maria-path-2017-track-latest-puerto-rico-us-virgin-islands-noaa-models-map-live,hurricane maria path: 'catastrophic eyewall' hits puerto rico – shocking track pictures,1,Negative
20170920,kmph.com,http://kmph.com/news/nation-world/puerto-rico-braces-for-massive-destruction-by-hurricane-maria,puerto rico braces for massive destruction by hurricane maria,1,Negative
20170920,newschannel9.com,http://newschannel9.com/news/local/retired-hamilton-county-judge-rides-out-hurricane-maria-in-puerto-rico,retired hamilton county judge rides out hurricane maria in puerto rico,0,Neutral
20170920,businessinsider.in,http://www.businessinsider.in/Puerto-Rico-is-100-without-power-after-Hurricane-Maria-heres-why-thats-a-huge-problem/articleshow/60772574.cms,puerto rico is 100% without power after hurricane maria - here's why that's a huge problem,1,Negative
20170920,mashable.com,http://mashable.com/2017/09/20/hurricane-maria-slams-puerto-rico-top-10-strongest-storms/,hurricane maria rocks puerto rico as island's strongest storm in modern history,1,Positive
20170920,fox8live.com,http://www.fox8live.com/story/36408874/hurricane-maria-is-lashing-puerto-rico-as-eye-makes-landfall,hurricane maria is lashing puerto rico as eye makes landfall,1,Neutral
20170920,sbs.com.au,http://www.sbs.com.au/news/article/2017/09/20/hurricane-maria-pummels-puerto-rico-first-pictures-show-trail-destruction,"'storm of the century' maria pummels puerto rico, whole island loses power",1,Negative
20170920,washingtonpost.com,https://www.washingtonpost.com/news/post-nation/wp/2017/09/20/hurricane-maria-takes-aim-at-puerto-rico-with-force-not-seen-in-modern-history/,puerto rico entirely without power as hurricane maria hammers island with devastating force,1,Negative
20170920,thetimes.co.uk,https://www.thetimes.co.uk/edition/world/hurricane-maria-set-to-batter-puerto-rico-with-188mph-winds-czrhrh907,hurricane maria set to batter puerto rico with 188mph winds,1,Neutral
20170920,cnn.com,http://money.cnn.com/2017/09/20/news/economy/puerto-rico-hurricane-maria/,puerto rico: hurricane maria hammers an economy that can't take much more,1,Neutral
20170920,independent.co.uk,http://www.independent.co.uk/news/world/americas/hurricane-maria-live-updates-latest-news-category-storm-puerto-rico-landfall-caribbean-british-a7957026.html,maria: entire island of puerto rico loses electricity as hurricane causes major flooding - as it happened,1,Negative
20170920,theroot.com,http://www.theroot.com/as-hurricane-maria-passes-through-puerto-rico-images-s-1818594624,"as hurricane maria passes through puerto rico, images stream in showing storm’s devastation",1,Negative
20170920,wdbj7.com,http://www.wdbj7.com/content/news/Hurricane-Maria-slams-into-Puerto-Rico-as-extremely-dangerous-Category-4-storm-446022073.html,"hurricane maria slams into puerto rico as ""extremely dangerous"" category 4 storm",1,Negative
20170920,digitaljournal.com,http://www.digitaljournal.com/news/environment/puerto-rico-to-get-direct-hit-from-category-5-hurricane-maria/article/502891,puerto rico to take brunt of worst hurricane since 1928,1,Negative
20170920,india.com,http://zeenews.india.com/americas/eye-of-hurricane-maria-makes-landfall-in-puerto-rico-forecasters-2044069.html,eye of hurricane maria makes landfall in puerto rico: forecasters,1,Neutral
20170920,huffingtonpost.com,http://www.huffingtonpost.com/entry/puerto-rico-hurricane-maria_us_59c180b1e4b087fdf508d7c3,most devastating storm in puerto rico's modern history leaves entire island without power,1,Negative
20170920,gmanetwork.com,http://www.gmanetwork.com/news/news/world/626479/hurricane-maria-bears-down-on-st-croix-puerto-rico-after-trashing-dominica/story/,"hurricane maria bears down on st. croix, puerto rico after trashing dominica",1,Neutral
20170920,omanobserver.om,http://omanobserver.om/hurricane-maria-slams-puerto-rico-high-rains/,hurricane maria slams puerto rico with high rains,1,Neutral
20170920,nbcphiladelphia.com,http://www.nbcphiladelphia.com/news/local/Doylestown-Bensalem-Bucks-County-Hurricane-Maria-Puerto-Rico-Stranded-Stuck-Women-Pennsylvania-445902483.html,2 bucks county women stuck in puerto rico as hurricane strikes,1,Negative
20170920,insurancebusinessmag.com,http://www.insurancebusinessmag.com/us/news/catastrophe/hurricane-maria-worst-in-80-years-slams-into-puerto-rico-79606.aspx,"hurricane maria, worst in 80 years, slams into puerto rico",1,Negative
20170920,revolutionradio.org,http://revolutionradio.org/2017/09/20/puerto-rico-direct-hit-by-hurricane-maria-interview-with-dane-wigington-reveals-weather-weaponization-may-be-the-culprit/,puerto rico direct hit by hurricane maria… interview with dane wigington reveals “weather weaponization” may be the culprit,1,Neutral
20170920,aleteia.org,https://aleteia.org/2017/09/20/hurricane-maria-hits-puerto-rico-after-claiming-lives-throughout-the-caribbean/,maria hits puerto rico as category 4 hurricane,1,Neutral
20170920,thenational.ae,https://www.thenational.ae/world/the-americas/maximum-strength-hurricane-maria-batters-st-croix-heads-for-puerto-rico-1.630198,"maximum-strength hurricane maria batters st croix, heads for puerto rico",1,Neutral
20170920,express.co.uk,http://www.express.co.uk/news/weather/856455/Hurricane-Maria-what-time-hit-Puerto-Rico-path-update-track-map,what time will hurricane maria hit puerto rico? path update,1,Neutral
20170920,abc7ny.com,http://abc7ny.com/weather/passengers-return-home-from-puerto-rico-before-hurricane-maria/2434206/,'i'm happy to be here' - passengers return home from puerto rico before hurricane maria,0,Positive
20170920,kxii.com,http://www.kxii.com/content/news/Local-family-stuck-in-Puerto-Rico-during-Hurricane-Maria-446224033.html,local family stuck in puerto rico during hurricane maria,1,Negative
20170920,newser.com,http://www.newser.com/story/248890/hurricane-maria-on-course-to-devastate-puerto-rico.html,hurricane maria plows into puerto rico,1,Neutral
20170920,cbslocal.com,http://sanfrancisco.cbslocal.com/2017/09/19/hurricane-maria-caribbean-puerto-rico/,hurricane maria roars across caribbean; puerto rico facing direct hit,1,Neutral
20170920,standard.co.uk,https://www.standard.co.uk/news/world/hurricane-maria-screaming-storm-slams-into-puerto-rico-ripping-trees-and-buildings-apart-a3639456.html,hurricane maria: 'screaming' storm slams into puerto rico ripping trees and buildings apart,1,Negative
20170920,bangordailynews.com,http://bangordailynews.com/2017/09/20/news/hurricane-maria-slams-dominica-barrels-toward-puerto-rico/,"hurricane maria slams dominica, barrels toward puerto rico",1,Neutral
20170920,thesundaily.my,http://www.thesundaily.my/news/2017/09/20/hurricane-maria-pummels-puerto-rico,hurricane maria pummels puerto rico,1,Neutral
20170920,dallasnews.com,https://www.dallasnews.com/news/weather/2017/09/19/evacuate-otherwise-going-die-puerto-rico-warns-hurricane-maria-nears,"'you have to evacuate. otherwise, you're going to die,' puerto rico warns some as hurricane maria nears",1,Negative
20170920,wjcl.com,http://www.wjcl.com/article/hurricane-maria-makes-landfall-on-puerto-rico/12435315,hurricane maria makes landfall on puerto rico,1,Neutral
20170920,santafenewmexican.com,http://www.santafenewmexican.com/puerto-rico-entirely-without-power-as-hurricane-maria-hammers-island/article_6c661cb6-9e32-11e7-af24-9fb04852a9ee.html,puerto rico entirely without power as hurricane maria hammers island,1,Neutral
20170920,thedailybeast.com,http://www.thedailybeast.com/all-of-puerto-rico-without-power-amid-hurricane-maria,all of puerto rico without power amid hurricane maria,1,Neutral
20170920,weather.com,https://weather.com/en-CA/canada/news/news/hurricane-maria-category-5-leeward-islands-virgin-islands-puerto-rico-0,"hurricane maria closing in on puerto rico, virgin islands",1,Neutral
20170920,fortune.com,http://fortune.com/2017/09/20/hurricane-maria-puerto-rico-evacuate/,hurricane maria hits puerto rico as residents told to evacuate or ‘you’re going to die’,1,Neutral
20170920,wbtv.com,http://www.wbtv.com/story/36408852/first-alert-hurricane-maria-strikes-puerto-rico-as-cat-4-storm,first alert: hurricane maria strikes puerto rico as cat 4 storm,1,Negative
20170920,rinf.com,http://rinf.com/alt-news/newswire/life-threatening-category-5-hurricane-maria-barrels-into-puerto-rico/,‘life threatening’ category 5 hurricane maria barrels into puerto rico,1,Neutral
20170920,wtvr.com,http://wtvr.com/2017/09/20/hurricane-maria-storm-track-puerto-rico/,hurricane maria slams puerto rico; tracking northwest,1,Neutral
20170920,time.com,http://time.com/4949664/hurricane-maria-yabucoa-puerto-rico-map/,"hurricane maria makes landfall in yabucoa, puerto rico",1,Neutral
20170920,india.com,http://www.india.com/news/agencies/hurricane-maria-lashes-virgin-islands-eyes-puerto-rico-2484780/,"hurricane maria lashes virgin islands, eyes puerto rico",1,Neutral
20170920,legalinsurrection.com,https://legalinsurrection.com/2017/09/puerto-rico-braces-for-visit-from-hurricane-maria/,puerto rico braces for visit from hurricane maria,1,Neutral
20170920,theverge.com,https://www.theverge.com/2017/9/20/16339186/hurricane-maria-category-4-storm-puerto-rico,hurricane maria has left all of puerto rico without power,1,Neutral
20170920,wjla.com,http://wjla.com/news/nation-world/cat-4-hurricane-maria-makes-landfall-in-puerto-rico,cat 4 hurricane maria makes landfall in puerto rico,1,Neutral
20170920,express.co.uk,http://www.express.co.uk/news/weather/856510/Hurricane-Maria-damage-pictures-Puerto-Rico-photos-storm-floods-photographs-Caribbean,hurricane maria damage in pictures: hurricane maria wrecks puerto rico,1,Negative
20170920,express.co.uk,http://www.express.co.uk/news/weather/856438/Hurricane-Maria-path-map-where-now-Puerto-Rico-maps-NOAA-update,hurricane maria path map: where is hurricane maria now? maria smashes into puerto rico,1,Neutral
20170920,omaha.com,http://www.omaha.com/news/world/hurricane-maria-aims-at-puerto-rico-after-slamming-dominica/article_01ffac98-9d15-11e7-94bb-275feec0af31.html,"maria destroys homes, triggers flooding in puerto rico; entire island without power",1,Negative
20170920,splash247.com,http://splash247.com/uscg-closes-ports-puerto-rico-us-virgin-islands-hurricane-maria/,uscg closes ports in puerto rico and us virgin islands because of hurricane maria,1,Neutral
20170920,voanews.com,https://www.voanews.com/a/hurricane-maria-hits-puerto-rico/4036529.html,"hurricane maria hits puerto rico, leaving 3.4m people without power",1,Neutral
20170920,caribjournal.com,https://www.caribjournal.com/2017/09/19/hurricane-maria-moves-st-croix-puerto-rico/,"hurricane maria pummels st croix, makes landfall in puerto rico",1,Neutral
20170920,yahoo.com,https://www.yahoo.com/news/hurricane-maria-leaves-puerto-rico-183441896.html,hurricane maria leaves puerto rico completely in the dark: 'we are 100 percent without power',1,Neutral
20170920,nypost.com,http://nypost.com/2017/09/20/hurricane-maria-puts-all-of-puerto-rico-in-the-dark/,hurricane maria puts all of puerto rico in the dark,1,Neutral
20170920,thestar.com.my,http://www.thestar.com.my/news/world/2017/09/20/maria-to-remain-category-5-hurricane-until-puerto-rico-landfall--nhc/,maria to remain category 5 hurricane until puerto rico landfall ,1,Neutral
20170920,massdevice.com,http://www.massdevice.com/report-hurricane-maria-poses-threat-med-device-hub-puerto-rico/,"update: hurricane maria poses threat to med device hub in puerto rico, medtronic closes facilities",1,Negative
20170920,ainonline.com,http://www.ainonline.com/aviation-news/business-aviation/2017-09-20/hurricane-maria-hammers-puerto-rico,hurricane maria hammers puerto rico,1,Neutral
20170920,newsy.com,https://www.newsy.com/stories/hurricane-maria-makes-landfall-in-puerto-rico/,hurricane maria is the strongest storm to hit puerto rico in decades,1,Positive
20170920,mashable.com,http://mashable.com/2017/09/20/puerto-rico-no-power-hurricane-maria/,reports: hurricane maria leaves puerto rico entirely without power,1,Neutral
20170920,abs-cbn.com,http://news.abs-cbn.com/overseas/09/21/17/hurricane-maria-hammers-puerto-rico-causes-wide-destruction,"hurricane maria hammers puerto rico, causes wide destruction ",1,Negative
20170920,weisradio.com,http://www.weisradio.com/maria-potentially-most-catastrophic-hurricane-to-hit-puerto-rico-in-a-century-governor/,maria ‘potentially most catastrophic hurricane to hit puerto rico in a century’: governor ,1,Negative
20170920,express.co.uk,http://www.express.co.uk/news/weather/856448/Hurricane-Maria-track-watch-live-stream-Puerto-Rico-path-update-map,hurricane maria watch live: maria smashes into puerto rico,1,Neutral
20170920,9news.com.au,http://www.9news.com.au/world/2017/09/21/03/48/more-than-11000-in-shelters-as-hurricane-maria-lashes-puerto-rico,"more than 11,000 in shelters as hurricane maria lashes puerto rico",1,Neutral
20170920,timesfreepress.com,http://www.timesfreepress.com/news/breakingnews/story/2017/sep/20/hurricane-maria-aims-puerto-rico-after-slamming-dominica-photos-tracker/450012/,"hurricane maria aims at puerto rico after slamming dominica [photos, tracker]",1,Neutral
20170920,weartv.com,http://weartv.com/news/local/hurricane-maria-continues-to-strengthen-as-she-tracks-toward-puerto-rico,hurricane maria continues to strengthen as it tracks toward puerto rico,1,Positive
20170920,cbslocal.com,http://miami.cbslocal.com/2017/09/20/hurricane-marias-core-nearing-puerto-rico/,hurricane maria moving away from puerto rico but torrential rains continue,1,Neutral
20170920,bpnews.net,http://bpnews.net/49564/hurricane-maria-pounds-puerto-rico,hurricane maria pounds puerto rico,1,Neutral
20170920,postcourier.com.pg,http://postcourier.com.pg/hurricane-maria-bears-puerto-rico/,hurricane maria bears down on puerto rico,1,Neutral
20170920,digitaljournal.com,http://www.digitaljournal.com/news/world/puerto-rico-virgin-islands-brace-for-hurricane-maria/article/502906,"puerto rico faces floods, misery after maria ‘obliteration’",1,Negative
20170920,independent.co.uk,http://www.independent.co.uk/news/world/americas/hurricane-maria-track-path-puerto-rico-latest-evacuate-or-die-winds-speed-live-dead-updates-a7956521.html,hurricane maria: puerto rico residents told to 'evacuate or die' with hours before 175mph winds smash into island,1,Negative
20170920,cbs12.com,http://cbs12.com/news/local/165-mph-hurricane-maria-pummels-puerto-rico,"hurricane maria pummels puerto rico, weakens with 150 mph winds",1,Negative
20170920,fox5dc.com,http://www.fox5dc.com/news/fox-5-viewer-rides-out-hurricane-maria-as-it-slams-into-puerto-rico,video: fox 5 viewer rides out hurricane maria as it slams into puerto rico,1,Neutral
20170920,pulse.ng,http://www.pulse.ng/news/world/maria-hurricane-lashes-us-virgin-islands-as-puerto-rico-prepares-for-impact-id7342472.html,hurricane lashes us virgin islands as puerto rico prepares for impact,1,Neutral
20170920,abc13.com,http://abc13.com/weather/hurricane-maria-makes-landfall-near-yabucoa-puerto-rico/2429973/,"hurricane maria makes landfall near yabucoa, puerto rico as category 4 storm",1,Neutral
20170920,independent.co.uk,http://www.independent.co.uk/news/world/americas/maria-hurricane-puerto-rico-latest-news-updates-power-out-storm-electricity-damage-a7958091.html,"hurricane maria knocks out power to entire island of puerto rico, population 3.5m",1,Neutral
20170920,usatoday.com,https://www.usatoday.com/story/news/nation/2017/09/20/hurricane-maria-riding-out-the-storm-in-san-juan-puerto-rico/686651001/,"what it's like to ride out hurricane maria, the worst storm to hit puerto rico in nearly 100 years",1,Negative
20170920,thetimes.co.uk,https://www.thetimes.co.uk/edition/world/hurricane-maria-cuts-off-puerto-rico-d3bzswcl5,hurricane maria cuts power to puerto rico,1,Negative
20170920,wdtv.com,http://www.wdtv.com/content/news/Hurricane-Maria-knocks-out-electricity-to-the-entire-island-of-Puerto-Rico-446138323.html,hurricane maria knocks out electricity to the entire island of puerto rico,1,Neutral
20170920,ny1.com,http://www.ny1.com/nyc/all-boroughs/news/2017/09/20/hurricane-jose-nyc-impact-hurricane-maria-latest-puerto-rico-concerns.html,hurricane jose's strength avoids nyc amid concerns for puerto rico as maria approaches,1,Positive
20170920,wxii12.com,http://www.wxii12.com/article/triad-student-working-to-communicate-with-family-in-puerto-rico-after-hurricane-maria/12439566,triad student working to communicate with family in puerto rico after hurricane maria,1,Neutral
20170920,northernpublicradio.org,http://northernpublicradio.org/post/puerto-rico-governor-anticipates-hurricane-maria-will-bring-severe-devastation,puerto rico governor anticipates hurricane maria will bring 'severe devastation',1,Negative
20170920,motherjones.com,http://www.motherjones.com/politics/2017/09/hurricane-maria-destroyed-everything-in-its-path-in-puerto-rico/,hurricane maria “destroyed everything in its path” in puerto rico,1,Neutral
20170920,theindychannel.com,http://www.theindychannel.com/news/local-news/indianapolis/indianas-task-force-one-heading-to-puerto-rico-after-hurricane-maria,indiana's task force 1 headed to puerto rico,1,Neutral
20170920,fortune.com,http://fortune.com/2017/09/20/hurricane-maria-power-puerto-rico/,hurricane maria knocks out all power to puerto rico,1,Neutral
20170920,twitchy.com,https://twitchy.com/gregp-3534/2017/09/20/hurricane-maria-about-to-make-landfall-in-puerto-rico-as-a-cat-4-storm-with-sustained-winds-of-155-mph/,hurricane maria about to make landfall in puerto rico as a cat 4 storm with sustained winds of 155 mph,1,Neutral
20170920,itv.com,http://www.itv.com/news/2017-09-20/hurricane-maria-puerto-rico-pummelled/,"hurricane maria: trump declares disaster in puerto rico, power could take months to restore",1,Negative
20170920,express.co.uk,http://www.express.co.uk/news/weather/856475/hurricane-maria-damage-path-2017-puerto-rico-river-flood-rio-grande-de-loiza-storm-latest,hurricane maria damage: puerto rico rivers burst banks as water levels hit record highs,1,Negative
20170920,dailyherald.com,http://www.dailyherald.com/news/20170920/hurricane-maria-lashes-puerto-rico-strongest-storm-to-hit-island-in-80-years,hurricane maria lashes puerto rico; strongest storm to hit island in 80 years,1,Positive
20170920,eastcountymagazine.org,http://www.eastcountymagazine.org/puerto-rico-hit-hard-hurricane-maria,puerto rico hit hard by hurricane maria,1,Negative
20170920,metro.co.uk,http://metro.co.uk/2017/09/20/hurricane-maria-smashes-into-puerto-rico-with-winds-of-155mph-6942126/,hurricane maria smashes into puerto rico with winds of 155mph,1,Neutral
20170920,uproxx.com,http://uproxx.com/news/hurricane-maria-makes-landfall-puerto-rico/,"hurricane maria makes landfall in puerto rico, destroys radar station",1,Negative
20170920,wftv.com,http://www.wftv.com/news/local/poinciana-family-stranded-in-puerto-rico-as-dangerous-hurricane-maria-nears-the-island/611737772,poinciana family stranded in puerto rico as dangerous hurricane maria nears the island,1,Negative
20170920,aljazeera.com,http://www.aljazeera.com/news/2017/09/hurricane-maria-tears-puerto-rico-170920173813081.html,hurricane maria strikes us territory of puerto rico,1,Negative
20170920,rappler.com,https://www.rappler.com/world/regions/latin-america/182714-potentially-catastrophic-hurricane-maria-eyes-virgin-islands-puerto-rico,"‘potentially catastrophic’ hurricane maria eyes virgin islands, puerto rico",1,Neutral
20170920,theweek.co.uk,http://www.theweek.co.uk/88494/hurricane-maria-puerto-rico-suffers-direct-hit,hurricane maria: puerto rico suffers direct hit,1,Negative
20170920,worthynews.com,https://www.worthynews.com/27500-maria-potentially-catastrophic-hurricane-hit-puerto-rico-century-governor,maria 'potentially most catastrophic hurricane to hit puerto rico in a century': governor,1,Negative
20170920,wtkr.com,http://wtkr.com/2017/09/20/hurricane-maria-heads-towards-puerto-rico-as-a-category-4-storm/,puerto rico had half as many people the last time it saw a hurricane this bad,1,Negative
20170920,cleveland19.com,http://www.cleveland19.com/story/36407169/people-of-puerto-rico-bracing-for-wrath-of-hurricane-maria,people of puerto rico bracing for wrath of hurricane maria,1,Neutral
20170920,dailymail.co.uk,http://www.dailymail.co.uk/wires/afp/article-4902324/Puerto-Rico-Virgin-Islands-brace-Hurricane-Maria.html,puerto rico rushes to evacuate thousands amid fears dam will burst,1,Negative
20170920,standard.co.uk,https://www.standard.co.uk/news/world/hurricane-maria-residents-warned-to-evacuate-or-die-as-storm-hurtles-towards-puerto-rico-a3638886.html,hurricane maria: residents warned to 'evacuate or die' as storm hurtles towards puerto rico,1,Negative
20170920,cnbc.com,https://www.cnbc.com/2017/09/20/hurricane-maria-now-category-4-puerto-rico-landfall-within-hours-nhc.html,"hurricane maria leaves puerto rico completely without power, san juan mayor says",1,Neutral
20170920,independent.co.uk,http://www.independent.co.uk/news/world/americas/hurricane-maria-live-latest-updates-puerto-rico-category-storm-caribbean-islands-eye-landfall-damage-a7956951.html,hurricane maria: category 4 storm makes landfall on puerto rico after devastation in caribbean,1,Negative
20170920,thehindubusinessline.com,http://www.thehindubusinessline.com/news/world/potentially-catastrophic-hurricane-maria-eyes-virgin-islands-puerto-rico/article9865841.ece,"potentially catastrophic hurricane maria eyes virgin islands, puerto rico",1,Negative
20170920,defense.gov,https://www.defense.gov/News/Article/Article/1318026/national-guard-plans-relief-efforts-as-hurricane-maria-slams-puerto-rico/,national guard plans relief efforts as hurricane maria slams puerto rico,1,Positive
20170920,express.co.uk,http://www.express.co.uk/news/weather/856449/hurricane-maria-2017-damage-track-path-live-update-puerto-rico-electricity-eye-noaa-latest,hurricane maria damage as puerto rico loses power before storm's path hits,1,Negative
20170920,redstate.com,https://www.redstate.com/absentee/2017/09/20/hurricane-maria-make-potentially-catastrophic-landfall-puerto-rico/,hurricane maria is about to make a potentially catastrophic landfall in puerto rico,1,Negative
20170920,wnmufm.org,http://wnmufm.org/post/hurricane-maria-batters-puerto-rico-white-sheets-rain,hurricane maria batters puerto rico with 'white sheets of rain',1,Neutral
20170920,newyorker.com,https://www.newyorker.com/news/news-desk/nothing-looks-like-it-was-before-enduring-hurricane-maria-in-puerto-rico,“nothing looks like it was before”: enduring hurricane maria in puerto rico,1,Positive
20170920,express.co.uk,http://www.express.co.uk/news/weather/856587/hurricane-maria-latest-path-track-maria-map-puerto-rico-san-juan-nhc-update-noaa,"hurricane maria path latest: eye of storm over san juan, puerto rico",1,Neutral
20170920,tampabay.com,http://www.tampabay.com/news/weather/hurricanes/hurricane-maria-expected-to-devastate-puerto-rico-as-powerful-category-4/2338093,hurricane maria makes landfall in puerto rico as devastating category 4 storm,1,Negative
20170920,timesofoman.com,http://timesofoman.com/article/117598/World/America/Battering-smaller-islands-powerful-Hurricane-Maria-now-barrels-toward-Puerto-Rico,hurricane maria blasts puerto rico,1,Neutral
20170920,wilx.com,http://www.wilx.com/content/news/Hurricane-Maria-starting-to-dump-rain-on-Puerto-Rico-445832793.html,hurricane maria starting to dump rain on puerto rico,1,Negative
20170920,irishtimes.com,http://www.irishtimes.com/news/world/hurricane-maria-hits-puerto-rico-after-killing-nine-in-caribbean-1.3228080,hurricane maria hits puerto rico after killing nine in caribbean,1,Negative
20170924,bangordailynews.com,https://bangordailynews.com/2017/09/24/news/aid-begins-to-flow-to-puerto-rico-after-hurricane-maria-devastation/,aid begins to flow to puerto rico after hurricane maria devastation,1,Negative
20170924,pnj.com,http://www.pnj.com/story/weather/hurricanes/2017/09/23/relief-work-continues-puerto-rico-aftermath-hurricane-maria/697151001/,relief work continues in puerto rico in aftermath of hurricane maria,1,Positive
20170924,weather.com,https://weather.com/en-CA/canada/news/news/hurricane-maria-puerto-rico-shelters-how-to-find-family-members,"how to find a shelter in puerto rico, and how to get in touch with family members after hurricane maria",1,Neutral
20170924,ktvu.com,http://www.ktvu.com/news/federal-aid-moves-in-to-puerto-rico-following-hurricane-maria,federal aid moves in to puerto rico following hurricane maria,1,Neutral
20170924,huffingtonpost.in,http://www.huffingtonpost.in/2017/09/24/10-numbers-that-explain-hurricane-marias-devastating-toll-on-puerto-rico_a_23220763/,10 numbers that explain hurricane maria's devastating toll on puerto rico,1,Negative
20170924,570news.com,http://www.570news.com/2017/09/24/official-hurricane-maria-set-puerto-rico-back-decades/,official: hurricane maria set puerto rico back decades,1,Neutral
20170924,newsblaze.com,http://newsblaze.com/usnews/national/hurricane-maria-puerto-rico-evacuates-thousands-before-dam-fails_86664/,hurricane maria: puerto rico evacuates thousands before dam fails,1,Negative
20170924,whdh.com,http://whdh.com/news/official-hurricane-maria-set-puerto-rico-back-decades/,"official: hurricane maria set puerto rico back decades - boston news, weather, sports",1,Neutral
20170924,mediamatters.org,https://www.mediamatters.org/blog/2017/09/24/sunday-political-talk-shows-barely-cover-hurricane-maria-s-devastation-puerto-rico/218020,sunday political talk shows barely cover hurricane maria’s devastation of puerto rico,0,Negative
20170924,wtvr.com,http://wtvr.com/2017/09/24/puerto-rico-apocalyptic-conditions-hurricane-maria/,🌀 maria: puerto rico officials describe ‘apocalyptic’ conditions,1,Neutral
20170924,orlandosentinel.com,http://www.orlandosentinel.com/news/breaking-news/os-puerto-rico-flights-land-orlando-hurricane-maria-20170923-story.html,puerto rico to orlando flights trickling in after hurricane maria,1,Negative
20170924,dailymail.co.uk,http://www.dailymail.co.uk/news/article-4915406/Official-Hurricane-Maria-set-Puerto-Rico-decades.html,puerto rico officials describe apocalyptic maria aftermath,1,Negative
20170924,fox13news.com,http://www.fox13news.com/news/local-news/massive-supply-drive-underway-to-suppor-puerto-rico-after-hurricane-maria,massive supply drive underway to support puerto rico after hurricane maria,1,Positive
20170924,cnn.com,http://money.cnn.com/2017/09/24/news/companies/southwest-airlines-puerto-rico-hurricane-maria/,airlines are still struggling to get into devastated puerto rico,1,Negative
20170924,weather.com,https://weather.com/en-CA/canada/news/news/hurricane-maria-puerto-rico-us-virgin-islands-dominica-caribbean-turks-0,"""hysteria is starting to spread"" as humanitarian crisis grows in puerto rico after maria",1,Negative
20170924,nbcnews.com,https://www.nbcnews.com/news/world/hurricane-maria-nears-turks-caicos-after-ravaging-puerto-rico-n803721?cid=public-rss_20170924,hurricane maria churns past turks and caicos after ravaging puerto rico,1,Neutral
20170925,pri.org,https://www.pri.org/stories/2017-09-25/puerto-rico-calls-more-help-after-hurricane-maria,puerto rico calls for more federal help after hurricane maria,1,Positive
20170925,india.com,http://zeenews.india.com/americas/battered-puerto-rico-hospitals-on-life-support-after-hurricane-maria-2045270.html,battered puerto rico hospitals on life support after hurricane maria,1,Positive
20170925,dailymail.co.uk,http://www.dailymail.co.uk/wires/ap/article-4919242/Puerto-Rico-dark-wake-Hurricane-Maria.html,puerto rico is in the dark in wake of hurricane maria,1,Neutral
20170925,theverge.com,https://www.theverge.com/2017/9/25/16362410/hurricane-maria-puerto-rico-power-outages-electrical-grid-destroyed,why hurricane maria left puerto rico completely without power,1,Neutral
20170925,sunshinestatenews.com,http://sunshinestatenews.com/story/florida-representatives-urge-feds-help-puerto-rico-virgin-islands-after-hurricane-maria,"florida reps urge feds to help puerto rico, virgin islands after hurricane maria",1,Positive
20170925,beckershospitalreview.com,http://www.beckershospitalreview.com/supply-chain/hurricane-maria-halts-pharma-operations-in-puerto-rico.html,hurricane maria halts pharma operations in puerto rico - becker's hospital review,1,Neutral
20170925,engadget.com,https://www.engadget.com/2017/09/25/univision-puerto-rico-map-hurricane-maria/,univision map offers up-to-date info about damage in puerto rico,1,Negative
20170925,cnbc.com,https://www.cnbc.com/2017/09/25/hurricane-maria-wiped-away-about-80-percent-of-puerto-ricos-farming-industry.html,hurricane maria wiped away around 80% of puerto rico’s agricultural industry,1,Neutral
20170925,thesource.com,http://thesource.com/2017/09/25/hurricane-maria-aftershock-officials-call-immediate-us-aid-puerto-rico-prevent-humanitarian-crisis/,hurricane maria aftershock: officials call for immediate us aid to puerto rico to prevent ‘humanitarian crisis’,1,Neutral
20170925,time.com,http://time.com/4955477/puerto-rico-guajataca-dam-hurricane-maria/,‘stay away or be swept away.’ puerto rico dam battered by hurricane could burst,1,Neutral
20170925,warincontext.org,http://warincontext.org/2017/09/24/if-anyone-can-hear-us-help-puerto-ricos-mayors-describe-widespread-devastation-from-hurricane-maria/,‘if anyone can hear us … help.’ puerto rico’s mayors describe widespread devastation from hurricane maria,1,Negative
20170925,salon.com,http://www.salon.com/2017/09/25/sunday-political-talk-shows-barely-cover-hurricane-marias-devastation-of-puerto-rico_partner/,hurricane maria’s devastation of puerto rico was barely discussed this weekend,0,Negative
20170925,eastbaytimes.com,http://www.eastbaytimes.com/2017/09/25/jennifer-lopez-pledges-1-million-to-help-puerto-rico-recover-from-hurricane-maria/,jennifer lopez pledges $1 million to help puerto rico recover from hurricane maria,0,Positive
20170925,mic.com,https://mic.com/articles/184698/days-after-hurricane-maria-the-situation-in-puerto-rico-is-dire,"days after hurricane maria, the situation in puerto rico is dire",1,Negative
20170925,nytimes.com,https://www.nytimes.com/2017/09/24/nyregion/new-york-puerto-rico-hurricane-maria-relief.html,new york expands relief efforts for puerto rico after hurricane maria,1,Positive
20170925,vox.com,https://www.vox.com/energy-and-environment/2017/9/25/16360488/hurricane-maria-2017-puerto-rico-recovery-san-juan-hospitals-electricty-cell-service,“hysteria is starting to spread”: puerto rico is devastated in the wake of hurricane maria,1,Negative
20170925,washingtonpost.com,https://www.washingtonpost.com/news/capital-weather-gang/wp/2017/09/25/hurricane-maria-destroyed-puerto-ricos-radar-a-critical-tool-for-forecasting/,"hurricane maria destroyed puerto rico’s radar, a critical tool for forecasting",1,Negative
20170925,desmoinesregister.com,http://www.desmoinesregister.com/story/news/2017/09/25/iowa-guard-sending-security-forces-puerto-rico-wake-hurricane-maria/699285001/,iowa guard sending security forces to puerto rico in wake of hurricane maria,1,Positive
20170925,gantdaily.com,http://gantdaily.com/2017/09/25/hurricane-maria-dam-threatens-to-burst-in-devastated-puerto-rico/,hurricane maria: dam threatens to burst in devastated puerto rico,1,Negative
20170925,newsone.com,https://newsone.com/3749324/carmelo-anthony-puerto-rico-hurricane-maria-essay/,carmelo anthony pens emotional essay to puerto rico in hurricane maria’s aftermath,0,Positive
20170925,livescience.com,https://www.livescience.com/60513-puerto-rico-hilly-terrain-worsened-hurricane-maria.html,puerto rico's hilly terrain worsened hurricane maria's damage,1,Negative
20170925,billboard.com,http://www.billboard.com/articles/columns/hip-hop/7973959/fat-joe-interview-hurricane-maria-puerto-rico-donations-support,fat joe urges puerto rico to ‘keep their faith in god’ amid recent hurricanes,0,Positive
20170925,vibe.com,https://www.vibe.com/2017/09/jennifer-lopez-puerto-rico-hurricane-maria/,jennifer lopez pledges $1 million in aid to puerto rico,0,Neutral
20170925,saintpetersblog.com,http://saintpetersblog.com/official-hurricane-maria-set-puerto-rico-back-decades/,official: hurricane maria set puerto rico back decades – ,1,Neutral
20170925,wpsu.org,http://radio.wpsu.org/post/one-puerto-rico-resident-shares-what-life-after-hurricane-maria,one puerto rico resident shares what life is like after hurricane maria,1,Positive
